Bien so,Ki hieu,Ma Tinh,Thoi gian nhan dien,Trang thai
11661,V1,83,27/04/2022 - 13:53 PM,False
11661,V1,83,27/04/2022 - 14:01 PM,True
11661,V1,83,27/04/2022 - 14:01 PM,False
11661,V1,83,27/04/2022 - 14:01 PM,True
11661,V1,83,27/04/2022 - 14:01 PM,False
11661,V1,83,27/04/2022 - 14:01 PM,True
11661,V1,83,27/04/2022 - 14:01 PM,False
11661,V1,83,27/04/2022 - 14:01 PM,True
11661,V1,83,27/04/2022 - 14:02 PM,False
11661,V1,83,27/04/2022 - 14:02 PM,True
11661,V1,83,27/04/2022 - 14:07 PM,False
11661,V1,83,27/04/2022 - 14:08 PM,True
11661,V1,83,27/04/2022 - 14:08 PM,False
11661,V1,83,27/04/2022 - 14:19 PM,True
11661,V1,83,27/04/2022 - 14:35 PM,False
11661,V1,83,27/04/2022 - 14:35 PM,True
11661,V1,83,27/04/2022 - 14:38 PM,False
11661,V1,83,27/04/2022 - 14:39 PM,True
11661,V1,83,27/04/2022 - 14:39 PM,False
11661,V1,83,27/04/2022 - 14:56 PM,True
11661,V1,83,27/04/2022 - 14:56 PM,False
11661,V1,83,27/04/2022 - 14:56 PM,True
11661,V1,83,27/04/2022 - 14:57 PM,False
11661,V1,83,27/04/2022 - 14:57 PM,True
11661,V1,83,27/04/2022 - 14:57 PM,False
11661,V1,83,27/04/2022 - 14:58 PM,True
11661,V1,83,27/04/2022 - 14:58 PM,False
11661,V1,83,27/04/2022 - 14:58 PM,True
11661,V1,83,27/04/2022 - 14:58 PM,False
11661,V1,83,27/04/2022 - 14:58 PM,True
11661,V1,83,27/04/2022 - 14:58 PM,False
11661,V1,83,27/04/2022 - 15:00 PM,True
11661,V1,83,27/04/2022 - 15:00 PM,False
